Class Name,Orig F1,Aug F1,F1 Gain,Orig Recall,Aug Recall
Black Spot,0.9639,0.96,-0.0039,0.9363,0.96
Burned Leaf,0.9887,0.9934,0.0047,0.9943,1.0
Dried Leaf,1.0,0.9956,-0.0044,1.0,1.0
Fungal Stripe Damage,0.9964,0.9774,-0.019,1.0,0.96
Healthy Leaf,0.9966,0.9773,-0.0194,1.0,0.9556
Insect Chewing Damage,0.9971,0.9698,-0.0273,0.9943,1.0
Leaf Blight Disease,0.9966,0.9802,-0.0163,1.0,0.9911
Pest-Affected Dry Leaf,0.9887,0.9773,-0.0114,0.9924,0.9556
Red Rust Disease,0.9845,0.9823,-0.0022,0.9815,0.9867
White Spot,0.9814,0.976,-0.0054,1.0,0.9956
Yellow Mosaic Virus,1.0,0.9842,-0.0158,1.0,0.9689
