,precision,recall,f1-score,support
Black Spot,0.96,0.96,0.96,225.0
Burned Leaf,0.9868421052631579,1.0,0.9933774834437086,225.0
Dried Leaf,0.9911894273127754,1.0,0.995575221238938,225.0
Fungal Stripe Damage,0.9953917050691244,0.96,0.9773755656108597,225.0
Healthy Leaf,1.0,0.9555555555555556,0.9772727272727273,225.0
Insect Chewing Damage,0.9414225941422594,1.0,0.9698275862068966,225.0
Leaf Blight Disease,0.9695652173913043,0.9911111111111112,0.9802197802197802,225.0
Pest-Affected Dry Leaf,1.0,0.9555555555555556,0.9772727272727273,225.0
Red Rust Disease,0.9779735682819384,0.9866666666666667,0.9823008849557522,225.0
White Spot,0.9572649572649573,0.9955555555555555,0.9760348583877996,225.0
Yellow Mosaic Virus,1.0,0.9688888888888889,0.9841986455981941,225.0
accuracy,0.9793939393939394,0.9793939393939394,0.9793939393939394,0.9793939393939394
macro avg,0.9799681431568653,0.9793939393939394,0.9794050436552169,2475.0
weighted avg,0.9799681431568651,0.9793939393939394,0.9794050436552165,2475.0
